{"cameraMode":{"drawMode":0,"name":"Shaded","section":"Shading Mode"},"sceneLighting":true,"audioPlay":false,"sceneViewState":{"showFog":true,"showMaterialUpdate":false,"showSkybox":true,"showFlares":true,"showImageEffects":true,"showParticleSystems":true},"in2DMode":false,"pivot":{"x":0.563745379447937,"y":-1.2458635568618775,"z":4.468534469604492},"rotation":{"x":0.2513602674007416,"y":0.13168901205062867,"z":-0.034543320536613467,"w":0.9582738280296326},"size":3.161792755126953,"orthographic":false}