{"cameraMode":{"drawMode":0,"name":"Shaded","section":"Shading Mode"},"sceneLighting":true,"audioPlay":false,"sceneViewState":{"showFog":true,"showMaterialUpdate":false,"showSkybox":false,"showFlares":true,"showImageEffects":true,"showParticleSystems":true},"in2DMode":false,"pivot":{"x":0.9143654704093933,"y":0.5962098836898804,"z":0.6136341094970703},"rotation":{"x":-0.06028902530670166,"y":0.9101839661598206,"z":-0.3840792179107666,"w":-0.14287088811397553},"size":1.8770432472229005,"orthographic":false}